Touchpoint,Phase,Channel,fr_absolute,fr_respondent%,fr_importance_avg,fr_max_norm_resp%,fr_max_nor_imp_avg,fr_index,fr_dfm_by_chnl,de_absolute,de_respondent%,de_importance_avg,de_max_norm_resp%,de_max_nor_imp_avg,de_index,de_dfm_by_chnl,gr_absolute,gr_respondent%,gr_importance_avg,gr_max_norm_resp%,gr_max_nor_imp_avg,gr_index,gr_dfm_by_chnl,all_avge_index
Brand's website,Consideration,D,37,1.85%,3.3,0.04,0.77,0.403,-0.11,150,7.68%,4.1,0.18,0.95,0.566,-0.01,37,1.86%,3.6,0.03,0.84,0.436,-0.08,0.468
E-mail newsletter,Consideration,D,23,1.15%,3.5,0.02,0.81,0.419,-0.09,111,5.69%,4.2,0.13,0.98,0.554,-0.02,55,2.77%,3.6,0.05,0.84,0.444,-0.07,0.472
Experts/ influencers,Consideration,D,48,2.40%,3,0.05,0.70,0.373,-0.14,61,3.13%,4.1,0.07,0.95,0.513,-0.06,32,1.61%,3.3,0.03,0.77,0.398,-0.12,0.428
Friends/ family,Consideration,OD,619,31.00%,4,0.63,0.93,0.782,0.27,506,25.92%,4.2,0.60,0.98,0.788,0.23,610,30.67%,4.1,0.56,0.95,0.758,0.26,0.776
Loyalty card,Consideration,OD,418,20.93%,4.1,0.43,0.95,0.691,0.18,204,10.45%,3.8,0.24,0.88,0.563,0.00,213,10.71%,3.8,0.20,0.88,0.540,0.04,0.598
Magazine,Consideration,O,219,10.97%,3.3,0.22,0.77,0.496,-0.01,323,16.55%,3.9,0.38,0.91,0.645,0.08,93,4.68%,3.1,0.09,0.72,0.403,-0.11,0.515
Nutritional App,Consideration,D,98,4.91%,3.8,0.10,0.88,0.492,-0.02,166,8.50%,4.3,0.20,1.00,0.598,0.02,251,12.62%,4.3,0.23,1.00,0.616,0.10,0.569
Ooh advert,Consideration,O,75,3.76%,3.1,0.08,0.72,0.399,-0.11,110,5.64%,3.8,0.13,0.88,0.507,-0.06,78,3.92%,2.8,0.07,0.65,0.362,-0.15,0.422
Physical Store,Consideration,O,977,48.92%,3.8,1.00,0.88,0.942,0.43,844,43.24%,3.6,1.00,0.84,0.919,0.35,1085,54.55%,3.8,1.00,0.88,0.942,0.43,0.934
Product display,Consideration,O,291,14.57%,3.4,0.30,0.79,0.544,0.04,635,32.53%,3.6,0.75,0.84,0.795,0.23,574,28.86%,3.3,0.53,0.77,0.648,0.13,0.662
Promotions site,Consideration,D,45,2.25%,3.8,0.05,0.88,0.465,-0.04,126,6.45%,4.2,0.15,0.98,0.563,-0.01,68,3.42%,4,0.06,0.93,0.496,-0.02,0.508
Retailer circular,Consideration,O,391,19.58%,4,0.40,0.93,0.665,0.16,372,19.06%,4.1,0.44,0.95,0.697,0.13,350,17.60%,3.9,0.32,0.91,0.615,0.10,0.659
Retailer promotion online,Consideration,D,155,7.76%,3.8,0.16,0.88,0.521,0.01,121,6.20%,4,0.14,0.93,0.537,-0.04,263,13.22%,3.8,0.24,0.88,0.563,0.05,0.540
Retailer's advert,Consideration,OD,134,6.71%,3.4,0.14,0.79,0.464,-0.05,199,10.19%,3.7,0.24,0.86,0.548,-0.01,116,5.83%,3.1,0.11,0.72,0.414,-0.09,0.475
Retailer's App,Consideration,D,37,1.85%,3.4,0.04,0.79,0.414,-0.10,66,3.38%,3.9,0.08,0.91,0.493,-0.08,29,1.46%,3.2,0.03,0.74,0.385,-0.13,0.431
Retailer's Magazine,Consideration,OD,105,5.26%,3.9,0.11,0.91,0.507,-0.01,127,6.51%,4.2,0.15,0.98,0.564,0.01,90,4.52%,3.7,0.08,0.86,0.472,-0.03,0.514
Retailer's website,Consideration,D,39,1.95%,3.7,0.04,0.86,0.450,-0.06,113,5.79%,4.1,0.13,0.95,0.544,-0.03,70,3.52%,3.8,0.06,0.88,0.474,-0.04,0.489
Sampling,Consideration,O,85,4.26%,3.7,0.09,0.86,0.474,-0.03,84,4.30%,3.8,0.10,0.88,0.492,-0.08,115,5.78%,3.6,0.11,0.84,0.472,-0.04,0.479
Search engine,Consideration,D,47,2.35%,3.6,0.05,0.84,0.443,-0.07,114,5.84%,4.2,0.14,0.98,0.556,-0.02,54,2.71%,3.9,0.05,0.91,0.478,-0.04,0.492
Shopping List,Consideration,O,679,34.00%,4.2,0.69,0.98,0.836,0.33,516,26.43%,4.2,0.61,0.98,0.794,0.23,623,31.32%,4.3,0.57,1.00,0.787,0.27,0.806
Social networks,Consideration,D,59,2.95%,3.1,0.06,0.72,0.391,-0.12,116,5.94%,3.9,0.14,0.91,0.522,-0.05,115,5.78%,3.1,0.11,0.72,0.413,-0.10,0.442
Sustainability App,Consideration,D,2,0.10%,4.3,0.00,1.00,0.501,-0.01,48,2.46%,4.3,0.06,1.00,0.528,-0.05,4,0.20%,3.8,0.00,0.88,0.444,-0.07,0.491
Tv advert,Consideration,O,186,9.31%,3,0.19,0.70,0.444,-0.06,186,9.53%,3.7,0.22,0.86,0.540,-0.03,232,11.66%,3.1,0.21,0.72,0.467,-0.05,0.484
Aisle,Selection,O,1172,58.63%,3.9,1.00,0.91,0.953,0.43,854,43.91%,4,1.00,0.91,0.955,0.38,1035,52.41%,3.9,1.00,0.91,0.953,0.42,0.954
Banner advert,Selection,D,4,0.20%,4.3,0.00,1.00,0.502,0.04,34,1.75%,4.1,0.04,0.93,0.486,-0.04,4,0.20%,3,0.00,0.70,0.351,-0.12,0.446
Biscuit category page,Selection,D,49,2.45%,3.7,0.04,0.86,0.451,-0.01,117,6.02%,4.2,0.14,0.95,0.546,0.02,36,1.82%,3.8,0.03,0.88,0.459,-0.01,0.485
Biscuit product page,Selection,D,8,0.40%,3.4,0.01,0.79,0.399,-0.07,81,4.16%,4.3,0.09,0.98,0.536,0.01,15,0.76%,4.1,0.01,0.95,0.484,0.02,0.473
Branded counter display,Selection,O,59,2.95%,3.4,0.05,0.79,0.421,-0.10,113,5.81%,3.6,0.13,0.82,0.475,-0.10,97,4.91%,3.4,0.09,0.79,0.442,-0.09,0.446
Check-out page,Selection,D,2,0.10%,2.5,0.00,0.58,0.292,-0.17,41,2.11%,4.1,0.05,0.93,0.490,-0.03,1,0.05%,3,0.00,0.70,0.349,-0.12,0.377
Complementary goods,Selection,O,200,10.01%,3.3,0.17,0.77,0.469,-0.06,179,9.20%,3.6,0.21,0.82,0.514,-0.06,159,8.05%,3.4,0.15,0.79,0.472,-0.06,0.485
Complementary goods page,Selection,D,16,0.80%,2.7,0.01,0.63,0.321,-0.14,43,2.21%,4,0.05,0.91,0.480,-0.04,11,0.56%,3.5,0.01,0.81,0.412,-0.06,0.404
Delivery slot page,Selection,D,18,0.90%,3.8,0.02,0.88,0.450,-0.01,60,3.08%,4.4,0.07,1.00,0.535,0.01,20,1.01%,4.3,0.02,1.00,0.510,0.04,0.498
Digital coupon,Selection,D,10,0.50%,3.6,0.01,0.84,0.423,-0.04,24,1.23%,4.1,0.03,0.93,0.480,-0.04,13,0.66%,4.2,0.01,0.98,0.495,0.03,0.466
Favourites page,Selection,D,56,2.80%,3.9,0.05,0.91,0.477,0.01,100,5.14%,4.2,0.12,0.95,0.536,0.01,33,1.67%,3.7,0.03,0.86,0.446,-0.02,0.486
Friends/ family,Selection,O,96,4.80%,4,0.08,0.93,0.506,-0.02,203,10.44%,4.2,0.24,0.95,0.596,0.02,68,3.44%,4,0.07,0.93,0.498,-0.03,0.533
Gondola end,Selection,O,198,9.90%,3.5,0.17,0.81,0.491,-0.03,213,10.95%,3.6,0.25,0.82,0.534,-0.04,140,7.09%,3.5,0.14,0.81,0.475,-0.06,0.500
In app advert,Selection,D,7,0.35%,3.6,0.01,0.84,0.422,-0.04,41,2.11%,4.1,0.05,0.93,0.490,-0.03,8,0.41%,3.1,0.01,0.72,0.364,-0.10,0.425
In-store screen,Selection,O,81,4.05%,3.8,0.07,0.88,0.476,-0.05,58,2.98%,4,0.07,0.91,0.489,-0.08,30,1.52%,3.7,0.03,0.86,0.445,-0.09,0.470
Loyalty card,Selection,OD,301,15.06%,4.2,0.26,0.98,0.617,0.19,104,5.35%,4.1,0.12,0.93,0.527,0.03,127,6.43%,4.1,0.12,0.95,0.538,0.05,0.561
On pack promotion,Selection,O,188,9.40%,3.8,0.16,0.88,0.522,0.00,178,9.15%,3.9,0.21,0.89,0.547,-0.02,456,23.09%,4.1,0.44,0.95,0.697,0.17,0.589
Online promotions page,Selection,D,55,2.75%,4,0.05,0.93,0.489,0.02,137,7.04%,4.2,0.16,0.95,0.557,0.04,55,2.78%,3.9,0.05,0.91,0.480,0.01,0.509
Packaging,Selection,O,728,36.42%,3.7,0.62,0.86,0.741,0.22,737,37.89%,3.9,0.86,0.89,0.875,0.30,747,37.82%,3.6,0.72,0.84,0.779,0.25,0.798
Physical Store,Selection,O,6,0.30%,2.7,0.01,0.63,0.317,-0.21,42,2.16%,4.1,0.05,0.93,0.490,-0.08,7,0.35%,3.9,0.01,0.91,0.457,-0.07,0.421
Product display,Selection,O,115,5.75%,3.8,0.10,0.88,0.491,-0.03,147,7.56%,4,0.17,0.91,0.541,-0.03,134,6.78%,3.6,0.13,0.84,0.483,-0.05,0.505
Product suggestion,Selection,D,2,0.10%,3,0.00,0.70,0.350,-0.11,36,1.85%,4.2,0.04,0.95,0.498,-0.02,3,0.15%,3.3,0.00,0.77,0.385,-0.08,0.411
Promo stand,Selection,O,184,9.20%,3.7,0.16,0.86,0.509,-0.02,111,5.71%,3.7,0.13,0.84,0.485,-0.09,192,9.72%,3.7,0.19,0.86,0.523,-0.01,0.506
Promotions Aisle,Selection,O,433,21.66%,4.1,0.37,0.95,0.661,0.14,225,11.57%,4,0.26,0.91,0.586,0.01,337,17.06%,4,0.33,0.93,0.628,0.10,0.625
Retailer circular,Selection,O,211,10.56%,4.2,0.18,0.98,0.578,0.05,276,14.19%,4.1,0.32,0.93,0.628,0.06,160,8.10%,3.9,0.15,0.91,0.531,0.00,0.579
Retailer promotion online,Selection,D,32,1.60%,4.3,0.03,1.00,0.514,0.05,54,2.78%,4,0.06,0.91,0.486,-0.04,14,0.71%,3.6,0.01,0.84,0.425,-0.04,0.475
Sampling,Selection,O,66,3.30%,3.8,0.06,0.88,0.470,-0.05,70,3.60%,4.2,0.08,0.95,0.518,-0.05,96,4.86%,3.8,0.09,0.88,0.488,-0.04,0.492
Search Box,Selection,D,32,1.60%,3.8,0.03,0.88,0.456,-0.01,77,3.96%,4.1,0.09,0.93,0.511,-0.01,22,1.11%,3.7,0.02,0.86,0.441,-0.03,0.469
Search engine,Selection,D,41,2.05%,3.8,0.03,0.88,0.459,0.00,130,6.68%,4.2,0.15,0.95,0.553,0.03,41,2.08%,3.9,0.04,0.91,0.473,0.00,0.495
Shelf,Selection,O,418,20.91%,3.9,0.36,0.91,0.632,0.11,412,21.18%,4,0.48,0.91,0.696,0.12,553,28.00%,4,0.53,0.93,0.732,0.20,0.687
Shelf communication,Selection,O,172,8.60%,3.9,0.15,0.91,0.527,0.00,139,7.15%,3.8,0.16,0.86,0.513,-0.06,185,9.37%,3.9,0.18,0.91,0.543,0.01,0.528
Traditional coupon,Selection,O,141,7.05%,3.9,0.12,0.91,0.514,-0.01,58,2.98%,3.9,0.07,0.89,0.477,-0.10,104,5.27%,4,0.10,0.93,0.515,-0.02,0.502
Window poster,Selection,O,72,3.60%,3.4,0.06,0.79,0.426,-0.10,72,3.70%,3.9,0.08,0.89,0.485,-0.09,61,3.09%,3.3,0.06,0.77,0.413,-0.12,0.442