Touchpoint,Phase,Channel,aus_absolute,aus_respondent%,aus_importance_avg,aus_max_norm_resp%,aus_max_nor_imp_avg,aus_index,aus_dfm_by_chnl,fr_absolute,fr_respondent%,fr_importance_avg,fr_max_norm_resp%,fr_max_nor_imp_avg,fr_index,fr_dfm_by_chnl,au_absolute,au_respondent%,au_importance_avg,au_max_norm_resp%,au_max_nor_imp_avg,au_index,au_dfm_by_chnl,de_absolute,de_respondent%,de_importance_avg,de_max_norm_resp%,de_max_nor_imp_avg,de_index,de_dfm_by_chnl,gr_absolute,gr_respondent%,gr_importance_avg,gr_max_norm_resp%,gr_max_nor_imp_avg,gr_index,gr_dfm_by_chnl,ch_absolute,ch_respondent%,ch_importance_avg,ch_max_norm_resp%,ch_max_nor_imp_avg,ch_index,ch_dfm_by_chnl,us_absolute,usa_respondent%,us_importance_avg,us_max_norm_resp%,us_max_nor_imp_avg,us_index,us_dfm_by_chnl,all_avge_index
Banner advert,Consideration,D,60,0.042,2.4,0.09,0.80,0.443,-0.123,57,0.034,2.6,0.06,0.84,0.450,-0.088,60,0.042,2.4,0.09,0.80,0.443,-0.123,93,0.050,2.2,0.09,0.73,0.413,-0.120,61,0.036,2.5,0.05,0.74,0.393,-0.125,58,0.055,2.5,0.14,0.83,0.488,-0.108,68,0.041,2.5,0.07,0.78,0.427,-0.123,0.437
Billboard advert,Consideration,O,24,0.017,2.4,0.03,0.80,0.417,-0.103,65,0.039,2.4,0.07,0.77,0.422,-0.092,24,0.017,2.4,0.03,0.80,0.417,-0.103,117,0.063,2.3,0.12,0.77,0.442,-0.077,61,0.036,2.4,0.05,0.71,0.378,-0.134,75,0.071,2.3,0.18,0.77,0.475,-0.074,31,0.019,2.7,0.03,0.84,0.438,-0.094,0.427
Blog/ forum,Consideration,D,82,0.058,2.7,0.12,0.90,0.509,-0.057,125,0.075,2.8,0.14,0.90,0.520,-0.019,82,0.058,2.7,0.12,0.90,0.509,-0.057,63,0.034,2.8,0.06,0.93,0.498,-0.035,126,0.075,3.1,0.11,0.91,0.509,-0.010,32,0.030,2.5,0.08,0.83,0.456,-0.140,113,0.069,2.9,0.12,0.91,0.513,-0.037,0.502
Brand's website,Consideration,D,82,0.058,2.7,0.12,0.90,0.509,-0.057,68,0.041,2.5,0.07,0.81,0.440,-0.098,82,0.058,2.7,0.12,0.90,0.509,-0.057,53,0.028,2.5,0.05,0.83,0.443,-0.090,55,0.033,2.8,0.05,0.82,0.435,-0.084,31,0.029,2.6,0.08,0.87,0.471,-0.125,86,0.052,2.8,0.09,0.88,0.483,-0.067,0.470
Car park banner,Consideration,O,43,0.030,2.8,0.06,0.93,0.498,-0.023,121,0.072,2.3,0.13,0.74,0.437,-0.077,43,0.030,2.8,0.06,0.93,0.498,-0.023,175,0.094,2.3,0.18,0.77,0.471,-0.048,85,0.051,2.5,0.07,0.74,0.403,-0.110,95,0.090,2.4,0.23,0.80,0.516,-0.032,54,0.033,2.4,0.06,0.75,0.404,-0.129,0.461
Friends/ family/ colleagues,Consideration,OD,359,0.254,3,0.52,1.00,0.758,0.319,402,0.241,3,0.44,0.97,0.702,0.220,359,0.254,3,0.52,1.00,0.758,0.319,593,0.318,3,0.60,1.00,0.798,0.342,233,0.139,3.4,0.19,1.00,0.597,0.140,222,0.210,3,0.54,1.00,0.771,0.288,349,0.212,3.2,0.37,1.00,0.685,0.262,0.724
In-store radio,Consideration,O,25,0.018,2,0.04,0.67,0.351,-0.169,92,0.055,2.4,0.10,0.77,0.437,-0.077,25,0.018,2,0.04,0.67,0.351,-0.169,59,0.032,2.4,0.06,0.80,0.430,-0.090,35,0.021,2.6,0.03,0.76,0.397,-0.116,39,0.037,2.2,0.10,0.73,0.414,-0.134,22,0.013,2.3,0.02,0.72,0.371,-0.162,0.393
Newspaper/ magazine article,Consideration,O,226,0.160,2.6,0.32,0.87,0.595,0.075,280,0.166,2.7,0.30,0.87,0.587,0.073,226,0.160,2.6,0.32,0.87,0.595,0.075,440,0.236,2.7,0.44,0.90,0.671,0.152,307,0.184,2.9,0.26,0.85,0.555,0.042,315,0.298,2.8,0.77,0.93,0.852,0.303,177,0.108,2.9,0.19,0.91,0.547,0.014,0.629
Retailer circular,Consideration,O,697,0.493,2.9,1.00,0.97,0.983,0.463,920,0.551,2.9,1.00,0.94,0.968,0.454,697,0.493,2.9,1.00,0.97,0.983,0.463,994,0.532,3,1.00,1.00,1.000,0.481,1196,0.715,3.2,1.00,0.94,0.971,0.458,409,0.387,2.8,1.00,0.93,0.967,0.418,943,0.574,3.1,1.00,0.97,0.984,0.452,0.979
Retailer's website,Consideration,D,222,0.157,2.9,0.32,0.97,0.643,0.076,92,0.055,3,0.10,0.97,0.534,-0.005,222,0.157,2.9,0.32,0.97,0.643,0.076,113,0.061,2.8,0.11,0.93,0.524,-0.010,208,0.124,3.3,0.17,0.97,0.572,0.054,110,0.104,2.9,0.27,0.97,0.618,0.022,259,0.158,3.1,0.27,0.97,0.622,0.072,0.593
Search engine,Consideration,D,214,0.151,2.9,0.31,0.97,0.637,0.071,158,0.095,2.8,0.17,0.90,0.537,-0.001,214,0.151,2.9,0.31,0.97,0.637,0.071,127,0.068,2.7,0.13,0.90,0.514,-0.019,185,0.111,3.2,0.15,0.94,0.548,0.030,269,0.254,2.5,0.66,0.83,0.746,0.149,226,0.137,3,0.24,0.94,0.589,0.038,0.601
Social networks,Consideration,D,162,0.115,2.5,0.23,0.83,0.533,-0.033,186,0.111,2.5,0.20,0.81,0.504,-0.034,162,0.115,2.5,0.23,0.83,0.533,-0.033,143,0.077,2.6,0.14,0.87,0.505,-0.028,150,0.090,2.6,0.13,0.76,0.445,-0.073,83,0.078,2.6,0.20,0.87,0.535,-0.061,194,0.118,2.7,0.21,0.84,0.525,-0.025,0.511
Specialised press,Consideration,O,77,0.054,2.6,0.11,0.87,0.489,-0.032,80,0.048,3.1,0.09,1.00,0.543,0.029,77,0.054,2.6,0.11,0.87,0.489,-0.032,96,0.051,2.5,0.10,0.83,0.465,-0.054,80,0.048,2.9,0.07,0.85,0.460,-0.053,65,0.061,2.7,0.16,0.90,0.529,-0.019,80,0.049,2.9,0.08,0.91,0.496,-0.037,0.496
Sponsorship,Consideration,OD,57,0.040,2.4,0.08,0.80,0.441,0.002,82,0.049,2.8,0.09,0.90,0.496,0.013,57,0.040,2.4,0.08,0.80,0.441,0.002,36,0.019,2.2,0.04,0.73,0.385,-0.071,53,0.032,2.7,0.04,0.79,0.419,-0.039,52,0.049,2.1,0.13,0.70,0.414,-0.070,73,0.044,2.6,0.08,0.81,0.445,0.021,0.434
Tv advert,Consideration,O,126,0.089,2.6,0.18,0.87,0.524,0.003,162,0.097,2.4,0.18,0.77,0.475,-0.039,126,0.089,2.6,0.18,0.87,0.524,0.003,188,0.101,2.3,0.19,0.77,0.478,-0.041,240,0.144,2.7,0.20,0.79,0.497,-0.015,128,0.121,2.3,0.31,0.77,0.540,-0.009,153,0.093,2.4,0.16,0.75,0.456,-0.076,0.499
Video sharing platform,Consideration,D,75,0.053,3,0.11,1.00,0.554,-0.012,56,0.034,3,0.06,0.97,0.514,-0.024,75,0.053,3,0.11,1.00,0.554,-0.012,65,0.035,2.8,0.07,0.93,0.499,-0.034,47,0.028,2.8,0.04,0.82,0.431,-0.087,32,0.030,2.9,0.08,0.97,0.522,-0.074,78,0.047,2.8,0.08,0.88,0.479,-0.071,0.508
Aisle fin,Selection,O,60,0.031,2.9,0.04,0.85,0.447,-0.024,41,0.020,2.9,0.03,0.85,0.439,-0.040,60,0.031,2.9,0.04,0.85,0.447,-0.024,86,0.042,2.8,0.06,0.82,0.440,-0.025,97,0.050,3.3,0.06,0.89,0.478,-0.001,70,0.057,2.9,0.09,0.91,0.496,0.007,80,0.040,3,0.05,0.88,0.467,-0.024,0.459
Complementary goods aisle,Selection,O,240,0.126,3.2,0.17,0.94,0.553,0.082,177,0.087,3,0.11,0.88,0.497,0.018,240,0.126,3.2,0.17,0.94,0.553,0.082,204,0.099,3.1,0.13,0.91,0.522,0.058,163,0.084,3.2,0.11,0.86,0.486,0.007,161,0.130,3.1,0.20,0.97,0.584,0.094,370,0.184,3.4,0.24,1.00,0.619,0.129,0.545
Floor graphics,Selection,O,31,0.016,2.5,0.02,0.74,0.378,-0.093,17,0.008,2.8,0.01,0.82,0.417,-0.062,31,0.016,2.5,0.02,0.74,0.378,-0.093,25,0.012,1.9,0.02,0.56,0.287,-0.177,16,0.008,2.4,0.01,0.65,0.330,-0.150,12,0.010,2.6,0.01,0.81,0.414,-0.076,32,0.016,2.3,0.02,0.68,0.349,-0.142,0.365
Free standing display unit,Selection,O,153,0.080,2.6,0.11,0.76,0.435,-0.036,117,0.058,3,0.07,0.88,0.478,-0.001,153,0.080,2.6,0.11,0.76,0.435,-0.036,137,0.067,3.1,0.09,0.91,0.500,0.036,351,0.181,3.4,0.23,0.92,0.575,0.095,100,0.081,3,0.12,0.94,0.531,0.041,162,0.081,3,0.10,0.88,0.493,0.003,0.492
Friends/ family/ colleagues,Selection,OD,92,0.048,2.8,0.06,0.82,0.443,-0.214,48,0.024,3,0.03,0.88,0.456,-0.196,92,0.048,2.8,0.06,0.82,0.443,-0.214,88,0.043,3.1,0.06,0.91,0.484,-0.181,36,0.019,3.4,0.02,0.92,0.471,-0.238,62,0.050,3,0.08,0.94,0.507,-0.221,86,0.043,3.4,0.06,1.00,0.528,-0.174,0.476
Header board,Selection,O,87,0.046,2.8,0.06,0.82,0.442,-0.030,298,0.147,3,0.19,0.88,0.536,0.057,87,0.046,2.8,0.06,0.82,0.442,-0.030,60,0.029,3,0.04,0.88,0.461,-0.004,184,0.095,3.1,0.12,0.84,0.479,0.000,97,0.078,2.8,0.12,0.88,0.497,0.008,98,0.049,2.8,0.06,0.82,0.443,-0.047,0.471
In-store radio,Selection,O,19,0.010,2.1,0.01,0.62,0.315,-0.156,36,0.018,2.1,0.02,0.62,0.320,-0.159,19,0.010,2.1,0.01,0.62,0.315,-0.156,23,0.011,2.3,0.01,0.68,0.346,-0.118,81,0.042,2.9,0.05,0.78,0.418,-0.061,57,0.046,2.7,0.07,0.84,0.457,-0.032,21,0.010,2.7,0.01,0.79,0.404,-0.087,0.368
On pack promotion,Selection,O,91,0.048,2.8,0.06,0.82,0.443,-0.028,235,0.116,2.8,0.15,0.82,0.486,0.007,91,0.048,2.8,0.06,0.82,0.443,-0.028,96,0.047,2.7,0.06,0.79,0.428,-0.036,452,0.233,3.5,0.30,0.95,0.621,0.142,112,0.091,2.8,0.14,0.88,0.507,0.017,56,0.028,2.8,0.04,0.82,0.430,-0.061,0.480
Packaging,Selection,O,515,0.270,3,0.35,0.88,0.619,0.147,635,0.314,3.1,0.40,0.91,0.658,0.178,515,0.270,3,0.35,0.88,0.619,0.147,674,0.328,3.1,0.44,0.91,0.674,0.210,505,0.261,3.3,0.33,0.89,0.612,0.132,418,0.338,3.1,0.52,0.97,0.743,0.253,538,0.268,3.2,0.35,0.94,0.644,0.154,0.652
Product display,Selection,O,411,0.216,3,0.28,0.88,0.583,0.111,342,0.169,3.2,0.22,0.94,0.579,0.100,411,0.216,3,0.28,0.88,0.583,0.111,629,0.307,3,0.41,0.88,0.645,0.180,303,0.156,3.3,0.20,0.89,0.545,0.066,213,0.172,3,0.26,0.94,0.600,0.111,513,0.256,3.1,0.33,0.91,0.621,0.131,0.594
Promo stand,Selection,O,212,0.111,2.9,0.15,0.85,0.499,0.028,409,0.202,3.1,0.26,0.91,0.586,0.107,212,0.111,2.9,0.15,0.85,0.499,0.028,295,0.144,2.9,0.19,0.85,0.522,0.058,369,0.190,3.4,0.24,0.92,0.581,0.101,292,0.236,2.9,0.36,0.91,0.634,0.144,252,0.126,3,0.16,0.88,0.523,0.032,0.549
Recipe Leaflet/Display,Selection,O,61,0.032,2.6,0.04,0.76,0.403,-0.068,69,0.034,2.4,0.04,0.71,0.375,-0.104,61,0.032,2.6,0.04,0.76,0.403,-0.068,53,0.026,2.7,0.03,0.79,0.414,-0.050,26,0.013,2.1,0.02,0.57,0.292,-0.187,30,0.024,2.3,0.04,0.72,0.378,-0.112,82,0.041,2.5,0.05,0.74,0.394,-0.097,0.380
Retailer circular,Selection,O,129,0.068,3.4,0.09,1.00,0.544,0.073,76,0.038,3.2,0.05,0.94,0.495,0.015,129,0.068,3.4,0.09,1.00,0.544,0.073,187,0.091,3.2,0.12,0.94,0.531,0.067,167,0.086,3.4,0.11,0.92,0.514,0.035,38,0.031,3,0.05,0.94,0.492,0.003,204,0.102,3.4,0.13,1.00,0.566,0.075,0.527
Search engine,Selection,D,53,0.028,3,0.04,0.88,0.459,-0.028,32,0.016,2.9,0.02,0.85,0.437,-0.055,53,0.028,3,0.04,0.88,0.459,-0.028,30,0.015,2.9,0.02,0.85,0.436,-0.072,40,0.021,2.8,0.03,0.76,0.392,-0.112,50,0.040,2.6,0.06,0.81,0.437,-0.093,55,0.027,3.2,0.04,0.94,0.488,-0.032,0.444
Shelf,Selection,O,1452,0.761,3.4,1.00,1.00,1.000,0.528,1574,0.778,3.3,1.00,0.97,0.985,0.506,1452,0.761,3.4,1.00,1.00,1.000,0.528,1546,0.753,3.3,1.00,0.97,0.985,0.521,1524,0.786,3.7,1.00,1.00,1.000,0.521,809,0.655,3.2,1.00,1.00,1.000,0.510,1549,0.772,3.4,1.00,1.00,1.000,0.509,0.996
Shelf barker,Selection,O,120,0.063,3.1,0.08,0.91,0.497,0.026,153,0.076,3,0.10,0.88,0.490,0.010,120,0.063,3.1,0.08,0.91,0.497,0.026,151,0.074,2.7,0.10,0.79,0.446,-0.018,222,0.115,3.5,0.15,0.95,0.546,0.067,82,0.066,2.8,0.10,0.88,0.488,-0.001,112,0.056,3.2,0.07,0.94,0.507,0.016,0.496
Shelf strip,Selection,O,148,0.078,3.3,0.10,0.97,0.536,0.065,159,0.079,3.4,0.10,1.00,0.551,0.071,148,0.078,3.3,0.10,0.97,0.536,0.065,263,0.128,3.4,0.17,1.00,0.585,0.121,317,0.164,3.7,0.21,1.00,0.604,0.125,139,0.112,3.2,0.17,1.00,0.586,0.096,144,0.072,3.2,0.09,0.94,0.517,0.026,0.559
Store staff,Selection,O,22,0.012,3.1,0.02,0.91,0.463,-0.008,21,0.010,2.3,0.01,0.68,0.345,-0.134,22,0.012,3.1,0.02,0.91,0.463,-0.008,24,0.012,3.1,0.02,0.91,0.464,0.000,24,0.012,2.9,0.02,0.78,0.400,-0.079,15,0.012,2.1,0.02,0.66,0.337,-0.152,31,0.015,2.8,0.02,0.82,0.422,-0.069,0.413
Traditional coupon,Selection,O,31,0.016,2.6,0.02,0.76,0.393,-0.079,105,0.052,3,0.07,0.88,0.475,-0.005,31,0.016,2.6,0.02,0.76,0.393,-0.079,79,0.038,3,0.05,0.88,0.467,0.003,96,0.050,3,0.06,0.81,0.437,-0.042,85,0.069,2.7,0.11,0.84,0.474,-0.015,235,0.117,3.3,0.15,0.97,0.561,0.070,0.457
Trolley panel,Selection,O,33,0.017,2.9,0.02,0.85,0.438,-0.034,56,0.028,2.4,0.04,0.71,0.371,-0.109,33,0.017,2.9,0.02,0.85,0.438,-0.034,33,0.016,2.2,0.02,0.65,0.334,-0.130,76,0.039,3,0.05,0.81,0.430,-0.049,37,0.030,2.4,0.05,0.75,0.398,-0.092,46,0.023,2.9,0.03,0.85,0.441,-0.049,0.407